title,score,id,url,comms_num,created,body,timestamp
Just sold NFLX for tiny profit after buying a week ago.. Bad or good move?,1,7p7xf6,https://www.reddit.com/r/stocks/comments/7p7xf6/just_sold_nflx_for_tiny_profit_after_buying_a/,22,1515541827.0,"So I bought NFLX a week ago and just sold it for a very small profit, I can't quite place my finger on it but I just didn't get a good feeling holding on to it through earnings, and the sentiment doesn't seem quite positive and I don't know, just got bad vibes overall..

Did I do the right thing? It just seems like NFLX was so overbought and it would have to have a mind blowing earnings announcement to go higher. Thoughts?",2018-01-10 07:50:27
What are you shorting?,16,7pqx4l,https://www.reddit.com/r/stocks/comments/7pqx4l/what_are_you_shorting/,31,1515730462.0,"Stocks, industries, whatever you think.",2018-01-12 12:14:22
Question of the Day: 2k into Netflix or Apple?,1,7suu48,https://www.reddit.com/r/stocks/comments/7suu48/question_of_the_day_2k_into_netflix_or_apple/,7,1516899161.0,"Apple be coming out with apparent hyped February news for their revenue for the quarter. Which people are jacking off to right now. Who knows. 

Netflix pounding away and I cry away as I wish I invested when it was at 100

What do I do?",2018-01-26 00:52:41
$NFLX overpriced?,2,7sykru,https://www.reddit.com/r/stocks/comments/7sykru/nflx_overpriced/,10,1516937040.0,Curious what others think.,2018-01-26 11:24:00
NFLX thoughts? Overbought?,1,7ttthe,https://www.reddit.com/r/stocks/comments/7ttthe/nflx_thoughts_overbought/,5,1517275038.0,"NFLX has gone up since earnings even on days when the NDX didn't do well. 
RSI is past 90. I'm not an avid technicals guy. Are other indicators saying it is sell time?",2018-01-30 09:17:18
Can someone explain to me what's happening with OLED - is it just over valued?,1,7tuip0,https://www.reddit.com/r/stocks/comments/7tuip0/can_someone_explain_to_me_whats_happening_with/,4,1517280533.0,"My dad bought OLED mid 2017 and raved about its performance. On his recommendation I bought in when it finally started to dip back down last week, but given it keeps falling, I'm concerned that this is because it was overvalued.  Anyone have advice? Think it will pass $200 per share again?
",2018-01-30 10:48:53
"2k into $MSFT, $TCEHY, or $NFLX",1,7u5cee,https://www.reddit.com/r/stocks/comments/7u5cee/2k_into_msft_tcehy_or_nflx/,10,1517383684.0,I already have 20 shares of Tencent granted ,2018-01-31 15:28:04
Help! Bought NFLX at the peak. Now losing Loads.,0,7ue2fo,https://www.reddit.com/r/stocks/comments/7ue2fo/help_bought_nflx_at_the_peak_now_losing_loads/,18,1517468030.0,I intend to hold for at least a year but this drop has me worried. Bought at $280. Can nflx sustain price of that much or more ?,2018-02-01 14:53:50
Disney Looks Like a Great Buy,11,7umdpm,https://www.reddit.com/r/stocks/comments/7umdpm/disney_looks_like_a_great_buy/,58,1517550855.0,"I've done little research but what I do see, Disney looks Juicy. P/E ratio of 19. They're about to pull all of their content from netflix, and stream through HULU. What am I missing? They are going to be directly competing with Netflix and I think their strategy will be very successful.  

I do not own the stock.",2018-02-02 13:54:15
"NFLX.. I just don't get it, it's the cock roach that could survive a nuclear blast.",170,7uu09v,https://www.reddit.com/r/stocks/comments/7uu09v/nflx_i_just_dont_get_it_its_the_cock_roach_that/,104,1517630094.0,"Wouldn't you know, NFLX is actually UP today. Maybe I'm a little salty because I sold at $205 but I just don't see how this company is worth 100x forward P/E. They are a one trick pony and not a huge tech conglomerate like the AAPLs, Google and FBs of the world.

Why does this thing keep going up? I mean if it's not down on a day like today, then it begs the question. Is this stock in just a permanent trajectory upward?",2018-02-03 11:54:54
"Added to my AAPL, took a position in NFLX today, who else bought stuff today?",7,7vhvw3,https://www.reddit.com/r/stocks/comments/7vhvw3/added_to_my_aapl_took_a_position_in_nflx_today/,15,1517892821.0,"I'm playing it VERY conservative so I used my margin acct and bought like 3 shares of AAPL and added to my position and just took a position in NFLX at $255.50

Curious to see what moves some of you made",2018-02-06 12:53:41
NFLX's potential longterm?,1,7vz3n8,https://www.reddit.com/r/stocks/comments/7vz3n8/nflxs_potential_longterm/,8,1518063813.0,"I haven't seen netflix mentioned on here too often despite it being a fairly popular stock, so I was curious what people thought of it. The bits and pieces I've heard seem to feel that Netflix is overvalued, but I want to know why people think that way. I've had a share of netflix since the summer and recently bought another one before the dip (rip) at 269, but it seems to have already bounced back. Do you all think Netflix still has a lot of room for growth, or is that already accounted for? Netflix seems to be getting a stronger grounding on the legal anime streaming community. Thoughts on that and how well they'll monetize it? How do you think the subscribers would respond to another price increase in a year or so (or is that too far out there to predict)?  
To give some context, I'm still learning the ropes (just practicing right now). I'm started investing at the end of this past summer with $1000 and I'm currently up 12-15%. Currently spread across NFLX (2), AET, CSCO, V, and WM (2). Previously had 2 TSLA but sold them off before the dip in favor of and additional NFLX and everything else I have on the list.",2018-02-08 12:23:33
$NFLX V. $DIS,13,80wobf,https://www.reddit.com/r/stocks/comments/80wobf/nflx_v_dis/,33,1519859047.0,"$NFLX V. $DIS is a common comparison. Looking deeper into these companies it‚Äôs hard to justify $NFLX valuation of 126B compared to $DIS valuation of 157B. 

I understand $NFLX has growth potential but so does $DIS, along with a greater array of assets. $DIS has better content, a streaming service, the top sports broadcasting network, a news network, a top movie studio and all of the Disney parks. With the high profile fox buy, $DIS acquired a majority holding in Hulu. Netflix has over 3 times more active users compared to Hulu, meaning there is more room for Hulu to grow than Netflix. $DIS now has the ability to optimize Hulu and stream their original content on the streaming platform, which should lead to greater future growth.

With all of this said $DIS stock has remained stagnant or decreased, while $NFLX has increased greatly. 

Can someone explain this to me or justify $NFLX valuation? 

",2018-03-01 07:04:07
AMZN and NFLX will sell off first in a correction they said...,72,81ity8,https://www.reddit.com/r/stocks/comments/81ity8/amzn_and_nflx_will_sell_off_first_in_a_correction/,73,1520056663.0, -- The wannabears who bought DIS and MCD,2018-03-03 13:57:43
NFLX,7,82g97f,https://www.reddit.com/r/stocks/comments/82g97f/nflx/,26,1520381897.0,I don't understand this stock?  Someone explain it's valuation.  I'm not against it.  I just really don't understand why it's a rocketship.,2018-03-07 08:18:17
Thoughts on spotify?,6,836ynl,https://www.reddit.com/r/stocks/comments/836ynl/thoughts_on_spotify/,22,1520633781.0,As we all know they are going public pretty soon and I was wondering what you guys think about how they are going to perform? Was kind of considering getting them. Thank you,2018-03-10 06:16:21
Is Autodesk (ADSK) a good candidate for a short-term trading short?,1,83hzkw,https://www.reddit.com/r/stocks/comments/83hzkw/is_autodesk_adsk_a_good_candidate_for_a_shortterm/,11,1520744655.0,"Autodesk (ADSK) shares popped this week.

Given what I heard from the conference call, I didn't expect ADSK to do much.  To me the headline was nearly identical to the headline last quarter... a beat on top and bottom lines... and subs were lower... essentially the same headline that cratered the stock about 15%.  

While they did announced a layoff last quarter, there was no such layoff this quarter... so that's a positive... but, maybe balancing that was the guided lower this quarter vs. higher last quarter... which is usually a big negative.

Clearly the stock was on fire in the after market after this quarter's report came out... and that carried through to the next day trading as well... up almost 15%.

So I think it's swung too far.  I can see the positives in the quarter temporarily taking out the old high (around $131)... but it just hit $140 today... that seem too much... feels like it should be trading at 125-130.  (Notably today ADSK seems to be lagging behind the rest of the on-fire market.)

In addition, I wouldn't put it past Trump to roil up the markets again soon... and, there really should be a second leg down from the midi-crash of a few weeks ago... we have come very far very fast.

So, I think ADSK is a good candidate for a short-term trading short.

Any thoughts?

[x-post from /r/finance]",2018-03-11 13:04:15
"Why is DIS so cheap, especially with Black Panther, Star Wars, and everything else? I would have expected this stock to be more expensive.",103,84vd8p,https://www.reddit.com/r/stocks/comments/84vd8p/why_is_dis_so_cheap_especially_with_black_panther/,94,1521235323.0,"BTW, I don't own this stock, and am asking sincerely. Thanks.",2018-03-17 05:22:03
Help me Decided Between AAPL and NFLX,2,8630na,https://www.reddit.com/r/stocks/comments/8630na/help_me_decided_between_aapl_and_nflx/,14,1521675303.0,I am creating a reoccurring purchases of a few stocks and am down to one more slot and these two stocks. I am really only looking for total return.  ,2018-03-22 07:35:03
"Finding hidden gems like NFLX, SHOP, etc.",17,874fna,https://www.reddit.com/r/stocks/comments/874fna/finding_hidden_gems_like_nflx_shop_etc/,36,1522047128.0,"I'm just curious to as how people usually find stocks like these to invest into them early. Any early investors in stocks like the ones listed want to tell how they found ""X"" stock before they became mainstream? I'm really interested to see how you guys came to discover them to try and broaden my outlets to check out for potential winners!

",2018-03-26 14:52:08
$NFLX,1,879tp8,https://www.reddit.com/r/stocks/comments/879tp8/nflx/,12,1522105726.0,Can anyone explain to me why Netflix P/E ratio is so high? Why are people buying? ,2018-03-27 07:08:46
Can some please ELI5 Options to me? Particularly puts.,3,88jfg9,https://www.reddit.com/r/stocks/comments/88jfg9/can_some_please_eli5_options_to_me_particularly/,18,1522539588.0,"Hi all,

I need just a quick explanation on puts and how, under what conditions I can be profitable buying a specific put for a specific date. Or rather, which put I should buy, given my prediction for price action over the coming months.

Basically, I'm of the belief that a crash is fairly likely in the next year, let's not get into that particular debate but let's just assume this is my mindset. I want to buy puts on such over-valued gems as NFLX and TSLA and maybe FB and TWTR and GOOG given the recent FUD on those names and the potential crash I see. But I can't figure out which option to buy and will be profitable at the time closer to expiry if said crash does happen.

Let's just do NFLX as I can extrapolate my belief systems about the others and pick the proper puts once I figure this out. So I suspect NFLX will be sub $200 by next January. I want to buy puts that will be very profitable next January if indeed we see NFLX sub $200. So, should I be looking at the strike price primarily? Obviously I'm looking at January 2019 puts right now. I see $200 strike price, the premium is $9.50ish right now. So what does that mean, like if I buy that option for $9.50, under what conditions will I be profitable come next January or come the crash say if it hits in June or September or whenever if it is well ahead of January?

I know I should probably not buy puts if this stuff isn't clear to me, I have not purchased any and I won't until I am clear on this stuff. This is what I'm trying to do. So let's just look at a few January 2019 NFLX puts, and can you guys explain the various conditions that may take place for that put to be profitable?

$200 strike, $9.50 premium

$150 strike, $4.20 premium

$100 strike, $0.70 premium

And if I wanna go real YOLO with maybe just a few contracts. $50 strike, $0.15 premium.

Or is it easier for me to just say, NFLX, January 2019, if it is $175ish at the time (my belief is it could be there abouts by then) which put should I buy today for the best return? If I get the $200 put for example, and by January 2019 NFLX is $150, then that's bad and I lose either way? Or do I win simply because NFLX is significantly lower then than it is now? This is kinda where my confusion is laying right now.

The plan is probably not to hold until expiry, just hold until it is a highly profitable position, or I guess until what? NFLX reaches the strike price or lower? Then I can exercise for profits? See this is where I'm getting confused here...I'm just not sure, for all of these puts, just how low NFLX has to go for them to become highly profitable positions whether via trading, or via exercising. If NFLX falls to $240 in the next month, do we expect to see really any rise in the $50 strike price options, for example?

Damn options are confusing, I think I get calls a bit more. Like You get a $300 call for $45.58, if by January 2019 NFLX is $345.58 or higher and the option expires, you can buy NFLX shares for $300 + the $45.58 you paid for the option so you are profitable to some extent or another, like if NFLX is $400 you've profited over $50 per share if exercised, I get that, that seems pretty straight forward. But puts are confusing me a bit more, and I'm currently looking bearish, so I want puts not calls of course.

Thanks so much whoever takes the time to read and explain to an options noob like myself. :)

Also do I really need to worry about covered calls? What exactly is that compared to just ""calls""? And are there covered puts? Or a ""covered call"" equivalent in puts?

Thank you :)",2018-04-01 07:39:48
"Are there any high risk/reward stocks that are like NFLX, NVDA and FB five years ago?",10,88mxu4,https://www.reddit.com/r/stocks/comments/88mxu4/are_there_any_high_riskreward_stocks_that_are/,58,1522570916.0,"Ok, enough is enough. I am tired of seeing 5 year charts of NFLX, NVDA and FB and seeing the ENORMOUS gains in the last 5 years. I am ready to invest big and willing to take some risks.

Obviously I know there isn't a guarantee, but just in some of your guy's opinion, what stocks today would you say most resemble the FB, NFLX and NVDA of 5 years ago and have potential to triple and quadruple?

SQ? AMD now at $10.00? GE now at depressed levels? TWTR or SNAP perhaps OR should I just say screw it and buy all of them? Or is there another company besides the ones I just mentioned?

I am just so sick and tired or missing out on these opportunities, enough is enough! And with all due respect, please don't say ""be smart and invest in blue chips with nice dividends."" 

I've tried that, and while it's been ok, I'm now ready for huge gains",2018-04-01 16:21:56
"If the two companies share the same business model, why can't $SPOT replicate the amount of success $NFLX has had?",4,89e9zn,https://www.reddit.com/r/stocks/comments/89e9zn/if_the_two_companies_share_the_same_business/,20,1522794220.0,"Like Netflix has with original content, if Spotify is able to grow a talent pool of artists & podcasts, and become a label of their own, why aren't they entitled to the same optimism Netflix has?",2018-04-04 06:23:40
"Why Netflix is virtually impossible to justify as a ""buy"".",2,89rfg1,https://www.reddit.com/r/stocks/comments/89rfg1/why_netflix_is_virtually_impossible_to_justify_as/,27,1522890836.0,"A valuation based on estimates of the ‚Äúlifetime value‚Äù of a Netflix customer, requires too many assumptions about long-term programming expenses and other costs, which could‚Äîalong with marketing costs‚Äîvary widely down the line. 

A discounted cash flow valuation, based on estimates of the cash the business might generate over time, comes up short even with bullish subscriber growth estimates, a figured a share price of $209 using DCF models. 

 A sum-of-the-parts valuation that estimated the values of its domestic, overseas and DVD businesses, combines them, and removes debt give them a price target of just $148. 

And a price-to-sales valuation requires a substantial premium to historical multiples to reach $279

",2018-04-05 09:13:56
Should I start out with Netflix or Apple?,0,8b5vj0,https://www.reddit.com/r/stocks/comments/8b5vj0/should_i_start_out_with_netflix_or_apple/,29,1523374708.0,"For the first BIG stock I buy, should I go with Apple or Netflix. Here is what I'm thinking.

Apple is going to go up. If I put money into it now, I expect to see it go up by $50 within the next five years. Maybe even higher. With the way Apple sheep (I'm one of them) loves apple products, I think it's safe to say they are not going to go down soon unless there is a big scandal.

Now with Netflix. I feel like they are going to hit the $500 mark (or higher) buy the end of the year. Nooooow.... it is going to go down when Disney's Streaming Service comes out. However that won't be for a while. 

So what do you all think? I'm new to this, I'm just going off of research and common sense. I'm asking to get some insight from those of you who's been around the block a few times.",2018-04-10 23:38:28
NFLX Overvalued?,2,8bhj68,https://www.reddit.com/r/stocks/comments/8bhj68/nflx_overvalued/,29,1523486134.0,"Netflix is one of the strongest hiking companies in the S&P 500. Despite the fundamentals being deeply in red, the year's performance is over 100% and continues to keep increasing in price. With that being said, the only thing that I can see in NFLX is their original content, but how far can that continue without raising the rate for monthly subscribers too much?

Now I'm not trying to play devil's advocate, but they aren't the only company in their class either since they have other competitors such as Shudder, Amazon, Hulu, etc. So, what tells me that I should invest my money into a company that's fundamentals are subpar and what I believe is limited growth potential?",2018-04-12 06:35:34
BUY NFLX Vs DON'T BUY NFLX,58,8bnhup,https://www.reddit.com/r/stocks/comments/8bnhup/buy_nflx_vs_dont_buy_nflx/,90,1523535735.0,"Okay, so lets all get our notes and put it under this one bored. What are your reason's for buying Netflix vs Not Buying Netflix?

Also, what are your thoughts on Goldman Sachs saying to buy Netflix now:

https://www.cnbc.com/2018/04/11/goldman-sachs-gets-even-more-bullish-on-high-flyer-netflix-predicting-big-subscriber-gains.html",2018-04-12 20:22:15
$NFLX bundling with comcast. What is the upside?,2,8c1cn0,https://www.reddit.com/r/stocks/comments/8c1cn0/nflx_bundling_with_comcast_what_is_the_upside/,6,1523672288.0,"According to the news,  comcast will include Netflix in some of the bundling options. 

I don't know if this is good or not.  I believe that comcast is getting a substantial discount on the subscription. 

Would this action have current subscribers drop the full priced ($10 a month)  they currently have to save a few bucks with comcast?   Would this cut into the Netflix profits?  What about subscription numbers in the United states?

Is comcast charged a discounted rate but have an X number that they're already committed to paying?",2018-04-14 10:18:08
Anybody here shorting Netflix tomorrow?,1,8chvca,https://www.reddit.com/r/stocks/comments/8chvca/anybody_here_shorting_netflix_tomorrow/,18,1523852007.0,"Am I crazy considering shorting Netflix before earnings this time? It is just a gut feeling, but I am expecting that in the current market mood and the crazy high expectations for this earning season (even more than normal), we finally reached the point where the Netflix P/E bubble will burst for now... Don't know yet if I really have the balls to trust in my gut feeling, but I'm very curious about tomorrow evening.",2018-04-16 12:13:27
NFLX Beats!,147,8cqt57,https://www.reddit.com/r/stocks/comments/8cqt57/nflx_beats/,72,1523939774.0,Adds 7.4 million Subscribers vs 6.5 million Estimated,2018-04-17 12:36:14
Will Netflix eventually buy Disney?,0,8dwi7u,https://www.reddit.com/r/stocks/comments/8dwi7u/will_netflix_eventually_buy_disney/,18,1524354068.0,"Netflix now has a market cap of $142 B and Disney has a market cap of $150 B. Netflix continues to grow rapidly and Disney has been stagnant for the past few years due to ESPN concerns and likely will stay stagnant until they figure out how to address the bleed.

It‚Äôs possible that Netflix could double in size and could be a lot bigger than Disney. Given Disney‚Äôs assets, what do you all think of the potential where Netflix acquires Disney?",2018-04-22 07:41:08
$IQ (IQIYI),4,8e5qxs,https://www.reddit.com/r/stocks/comments/8e5qxs/iq_iqiyi/,16,1524455860.0,"Anyone going in on $IQ (Iqiyi)? New IPO with earnings coming up this week. Toss up for me...shows some promise, but also some uncertainty ",2018-04-23 11:57:40
Is it possible to predict the NFLX stock price using a Machine Learning Algorithm to read sentiments from people twits?,1,8fbgow,https://www.reddit.com/r/stocks/comments/8fbgow/is_it_possible_to_predict_the_nflx_stock_price/,8,1524862983.0,"Is it really possible to predict a stock price using some math algorithm, function or even neural net? Any suggestions with links would be much appreciated dear Redditors!

Personally, I have tried to read sentiments of some twits related to the NFLX stock from December 2017. Currently, I am compiling the results and trying to perform the backtest or calculate accuracy related to real changes in sentiments \(twits\) and its relation to NFLX stock price movements. I will post the results here soon!",2018-04-28 05:03:03
Anyone have an analyst report on $NFLX,1,8hndzv,https://www.reddit.com/r/stocks/comments/8hndzv/anyone_have_an_analyst_report_on_nflx/,3,1525727649.0,Looking for some DD on Netflix. Anyone have an analysis/proforma for me to look at? Thanks ,2018-05-08 05:14:09
"If netflix is acquired by apple or microsoft, netflix stocks value is increase or decrease?",5,8j55dl,https://www.reddit.com/r/stocks/comments/8j55dl/if_netflix_is_acquired_by_apple_or_microsoft/,14,1526259291.0,"I heard  the possibility like subject.

So I wonder that If it comes true, how is the value of netflix stocks expected?",2018-05-14 08:54:51
HMNY - How does an equity line of credit work?,1,8k29p5,https://www.reddit.com/r/stocks/comments/8k29p5/hmny_how_does_an_equity_line_of_credit_work/,7,1526569379.0,"HMNY's CEO has been claiming they're sitting on a $300m equity line of credit which assures they will not go bankrupt in the next 17 months.

However, the company's market cap currently is below $50m.

How can a company sell equity for a total of $300m when their entire company is worth less than that?  How exactly does their equity line of credit work?

Thanks!",2018-05-17 23:02:59
Is $IQ really the next $NFLX?!,5,8njdsr,https://www.reddit.com/r/stocks/comments/8njdsr/is_iq_really_the_next_nflx/,9,1527809782.0,"After an outstanding \+8&#37; run yesterday, 36&#37; over the past month. With over 50 million subscribers/users, do they have enough activity to keep this train moving forward? Speculation on even a take of 10&#37; market share from Netflix could push this stock up!  

Strong sell off after the bell today, might be resulting from their past week performance or the market just slumping. Might be because of the comments from Trump on the new Tariffs with Mexico & Canada? Not sure. ",2018-06-01 07:36:22
"FB and NFLX, time to take profits?",2,8nshs2,https://www.reddit.com/r/stocks/comments/8nshs2/fb_and_nflx_time_to_take_profits/,6,1527893998.0,"Those with FB and NFLX, when do you plan on taking some off the table?",2018-06-02 06:59:58
"ATT & TWC merger approved, trouble for NFLX/DIS?",14,8qn0jb,https://www.reddit.com/r/stocks/comments/8qn0jb/att_twc_merger_approved_trouble_for_nflxdis/,11,1528869132.0,"Do you guys think the M&A will effect NFLX / DIS much?

They‚Äôre down in aftermarket from the news.

",2018-06-13 13:52:12
"Netflix to Begin Offering Games, Stock up 4%",542,8qtr56,https://www.reddit.com/r/stocks/comments/8qtr56/netflix_to_begin_offering_games_stock_up_4/,93,1528935809.0,"Minecraft, Stranger Things on docket.

[https://www.techradar.com/news/netflix\-to\-add\-games\-to\-its\-service\-including\-stranger\-things\-and\-minecraft](https://www.techradar.com/news/netflix-to-add-games-to-its-service-including-stranger-things-and-minecraft)

EDIT: Netflix is NOT getting into gaming, but adding to their INTERACTIVE STORYTELLING, as confirmed by this announcement: [https://techcrunch.com/2018/06/13/netflix\-is\-adding\-an\-interactive\-minecraft\-story\-to\-its\-lineup\-denies\-entry\-into\-gaming/](https://techcrunch.com/2018/06/13/netflix-is-adding-an-interactive-minecraft-story-to-its-lineup-denies-entry-into-gaming/). Too sad, but there it is.",2018-06-14 08:23:29
$NFLX,7,8quwnh,https://www.reddit.com/r/stocks/comments/8quwnh/nflx/,2,1528944271.0,"Stupid question:

But, how does Netflix have positive EPS with crazy high negative cash flow?

Also , what is a good financial indicator to show how much revenue they are investing back into content?",2018-06-14 10:44:31
Is the $T drop just TWC people selling off their shares?,9,8s2ss5,https://www.reddit.com/r/stocks/comments/8s2ss5/is_the_t_drop_just_twc_people_selling_off_their/,13,1529382753.0,"I am thinking this is a good time to get in. A strong company with a healthy dividend on sale, what am I not seeing here? ",2018-06-19 12:32:33
Netflix has officially surpassed 400 today üî•,309,8sawi6,https://www.reddit.com/r/stocks/comments/8sawi6/netflix_has_officially_surpassed_400_today/,168,1529459442.0,Who else is on the Netflix train? CHOO CHOO!,2018-06-20 09:50:42
Netlfix (NFLX) stock price: what's the forecast now?,12,8sdfqi,https://www.reddit.com/r/stocks/comments/8sdfqi/netlfix_nflx_stock_price_whats_the_forecast_now/,17,1529478744.0,"Netflix, Inc. (NFLX) shares are trading at $400.91, up 2.61&#37; from yesterday.  The latest price spike comes after three buy-side investment management shops upgraded their price targets for the stock.  What is the NFLX stock price forecast now?

[https://www.finstead.com/bite/Netlfix-NFLX-stock-price-forecast-June-19-2018](https://www.finstead.com/bite/Netlfix-NFLX-stock-price-forecast-June-19-2018)",2018-06-20 15:12:24
NFLX - still a buy?,2,8snskn,https://www.reddit.com/r/stocks/comments/8snskn/nflx_still_a_buy/,39,1529572928.0,I am very tempted to buy the Netflix but I‚Äôm worried because it still at a 52 week high. Do y‚Äôall think this is still a good buy even at its current price or is it over bought and inflated and expected to drop soon,2018-06-21 17:22:08
NFLX down 4% already today. Is it just balancing out?,1,8tqqtm,https://www.reddit.com/r/stocks/comments/8tqqtm/nflx_down_4_already_today_is_it_just_balancing_out/,18,1529964130.0,"Should I be worried or should I relax and this is just a down day?

Edit: Down 6%",2018-06-26 06:02:10
What everyone‚Äôs thoughts on AT&T,4,8u18q6,https://www.reddit.com/r/stocks/comments/8u18q6/what_everyones_thoughts_on_att/,28,1530058070.0,Present and future ,2018-06-27 08:07:50
$DIS,64,8v1wag,https://www.reddit.com/r/stocks/comments/8v1wag/dis/,55,1530394697.0,"So can anyone give me the bear case for this stock assuming it goes along with the acquisition of fox? Basically the deal will enable Disney to provide a direct to consumer service with a disgusting amount of exclusive content that they know how to monetize in ways that only Disney can. They can now offer new blockbuster movies exclusively through their service and I'm wondering if even movie theaters will have to subscribe if they want to put it on their big screens. That means that Disney can now use their best assets(movies that attract audiences of all ages and backgrounds) to increase subscriber growth and it also puts them in complete control of digital advertising(basically FANG's bread and butter) on their platform which i'm sure will be in very high demand from companies with a lot of money to spend. When you add all of that up with an already successful parks and resorts business, I just don't see how they can screw this up. There is nothing really stopping them from carving out a center in the digital space and perhaps joining FANG in those high price valuations. what am i missing here? I know that they are traditionally not a tech stock and that could be a challenge for them as they enter the space, but if they acquire fox, hulu will fall into their lap, and that is not a bad start. I know im assuming everything works out in Disney's favor, but if it does, please explain to me why you would not take a chance on disney priced at 14x earnings when netflix is 234x.",2018-07-01 05:38:17
Netflix,2,8vt9x8,https://www.reddit.com/r/stocks/comments/8vt9x8/netflix/,17,1530661856.0,Am i the only one that's extremly bearish on Netflix stock now that Disney is going to have there own streaming service long term i think there a huge threat being disney owns so many media outlets ,2018-07-04 07:50:56
Netflix's stock is topping???,0,8yaztb,https://www.reddit.com/r/stocks/comments/8yaztb/netflixs_stock_is_topping/,29,1531439831.0,"**Netflix** shares have soared more than 114&#37; this year, but the good times are bound to end soon, one analyst says.¬† 

['It‚Äôs All Priced in': UBS warns Netflix's stock is topping (NFLX)](http://markets.businessinsider.com/news/stocks/netflix-stock-price-topping-ubs-warns-2018-7-1027363267)

[Netflix Traders Bet Stock Will Gain 10&#37; After Results](https://www.investopedia.com/news/netflix-traders-bet-stock-will-gain-10-after-results/)

[Netflix (NFLX) earnings preview: 41&#37; revenue growth](https://www.finstead.com/bite/Netflix-NFLX-earnings-preview-july-11-2018)

Do you think Netflix stock is topping? 

I think it will do better and I prefer to hold it for a long term. How do you think?",2018-07-13 07:57:11
NFLX dip?,0,8yn7xt,https://www.reddit.com/r/stocks/comments/8yn7xt/nflx_dip/,20,1531540620.0,"Hey guys.

NFLX dipped almost 5% today. They have their earnings on Monday so I see no apparent reason to why the dip happened.

Can anyone please enlighten me on why it is going down? ",2018-07-14 11:57:00
RIP NFLX,249,8zecif,https://www.reddit.com/r/stocks/comments/8zecif/rip_nflx/,348,1531800658.0,"well i managed to panic sell before it all went tumbling down anyway

what does everyone think? will it keep going down or bounce back soon?",2018-07-17 12:10:58
Bought 60 NFLX 300 Puts Today @ $.09 (expire Friday),5,8zewc9,https://www.reddit.com/r/stocks/comments/8zewc9/bought_60_nflx_300_puts_today_09_expire_friday/,28,1531804331.0,"Normally don't gamble like this but sometimes you just gotta say what the hey

\*\*\* Update:  Not nearly as exciting as it could have been.   The puts were too far out of the money.  Opened up about 70% from yesterdays close.  I thought the market makers were under pricing, so I didn't sell.  NFLX started rallying like crazy and I ended up getting out broken even (which is crazy because I caught a nearly 60 point move to the downside).  Had I held for 30 minutes longer, as of this post, I would be down 50% on the play.",2018-07-17 13:12:11
"r/Stocks Daily Discussion Tuesday - Jul 17, 2018",13,8zk7eo,https://www.reddit.com/r/stocks/comments/8zk7eo/rstocks_daily_discussion_tuesday_jul_17_2018/,37,1531854464.0,"These daily discussions run from Monday to Friday and Friday's will stay up till Monday.

Some helpful links:

* [Finviz](https://finviz.com/quote.ashx?t=amd) for charts, fundamentals, and aggregated news
* StreetInsider news:
 * [Market Check](https://www.streetinsider.com/Market+Check) - Possibly why the market is doing what it's doing
 * [Corporate News](https://www.streetinsider.com/Corporate+News)
 * [Reuters aggregated](https://www.streetinsider.com/Reuters) - Global news
 * [Economic data](https://www.streetinsider.com/Economic+Data)
 * [FED](https://www.streetinsider.com/Fed) - Federal Reserve news

If you have a basic question, for example ""what is EPS,"" then google ""investopedia EPS"" and click the investopedia article on it; do this for everything until you have a more in depth question or just want to share what you learned.

Please discuss your portfolios in the [Rate My Portfolio sticky.](https://www.reddit.com/r/stocks/about/sticky) or see past portfolio discussions with [this link.](https://www.reddit.com/r/stocks/search?sort=new&q=Rate+My+Portfolio+-+r%2FStocks+Quarterly+Thread&t=all&restrict_sr=on)

See past [daily discussions here.](https://www.reddit.com/r/stocks/search?q=author%3Aautomoderator+daily+discussion&restrict_sr=on&sort=new&t=all)
",2018-07-18 03:07:44
What price would be a good entry point for $NFLX?,6,8zkezl,https://www.reddit.com/r/stocks/comments/8zkezl/what_price_would_be_a_good_entry_point_for_nflx/,44,1531856725.0,"Guys, tell me what do you think? I read people talking about $100 and $250, is it real? ",2018-07-18 03:45:25
NFLX comeback,3,8zmjdi,https://www.reddit.com/r/stocks/comments/8zmjdi/nflx_comeback/,20,1531873171.0,So if the results were so bad why is it coming back so strongly after a very week start.,2018-07-18 08:19:31
"Comcast drop bid for Fox, Disney on is way to become a Giant",161,90hd57,https://www.reddit.com/r/stocks/comments/90hd57/comcast_drop_bid_for_fox_disney_on_is_way_to/,31,1532132319.0,"The Justice accepted the Disney takeover, Comcast is out, they just need to sell the sport channel and Fox shareholders has to vote in a week. 

Be ready, the mouse is coming

All hail Iger",2018-07-21 08:18:39
Advice on NFLX,0,91hlvc,https://www.reddit.com/r/stocks/comments/91hlvc/advice_on_nflx/,16,1532469470.0,"I'm relatively new to stocks but managed to get in on Netflix at an average of $236, however I didn't see the fallout coming from their earnings to sell and scoop up some profits from it.

I'm currently thinking about unloading half of NFLX and migrating that into shares of FB, but am I just being paranoid or is the better long term play? Smack some sense into me here. ",2018-07-25 05:57:50
"CEO of Netflix Inc, Reed Hastings sold 75,656 shares of NFLX on 07/23/2018 at an average price of $359.64 a share. The total sale was $27.2 million.",228,91oh6i,https://www.reddit.com/r/stocks/comments/91oh6i/ceo_of_netflix_inc_reed_hastings_sold_75656/,90,1532519927.0,"CEO of Netflix Inc, Reed Hastings sold 75,656 shares of NFLX on 07/23/2018 at an average price of $359.64 a share. The total sale was $27.2 million.

Is it normal for the CEO of a company to sell his / her company stocks?",2018-07-25 19:58:47
Damn I have made some shit moves lately.,3,9347c9,https://www.reddit.com/r/stocks/comments/9347c9/damn_i_have_made_some_shit_moves_lately/,23,1532987307.0,"I went in hard on NFLX and FB both after their recent crashes. They just keep going down. The market's up today, and I'm down over $200. Days like today make me want to just peace out and put 100% of my holdings in SPY.",2018-07-31 05:48:27
Buy NFLX?,0,97cqhl,https://www.reddit.com/r/stocks/comments/97cqhl/buy_nflx/,6,1534313603.0,"I bought some NFLX after their earnings dip and it's gone down a further 11% since. I'm debating buying more, thoughts? 

",2018-08-15 14:13:23
What Happened to NFLX July 17 at 13:30?,2,984yf2,https://www.reddit.com/r/stocks/comments/984yf2/what_happened_to_nflx_july_17_at_1330/,7,1534560994.0,"So, I understand that around this time, subscriber growth numbers were released, that did not impress.  However, the stock dropped $50 in a single 5 minute window.  Is this indicative of a massive selloff by a few large shareholders?  There was no indication in the previous candles, and it was such a steep drop.   


[https://imgur.com/maV4hCk](https://imgur.com/maV4hCk) ",2018-08-18 10:56:34
Should I sell NFLX?,15,98jx0v,https://www.reddit.com/r/stocks/comments/98jx0v/should_i_sell_nflx/,22,1534710701.0,Netflix has dropped over 100 dollars in value in the last month and it it looks like it's going to keep dropping. I had purchased it at around 260 a share and I am debating whether or not to sell it now and maybe buy it when it starts to increase in value again. Should I hold it or sell it?,2018-08-20 04:31:41
Still bullish on $NFLX?,1,99hege,https://www.reddit.com/r/stocks/comments/99hege/still_bullish_on_nflx/,20,1535002604.0,"It's been on a tear this week and showing no signs of slowing down. There's reports that users don't like the video ads and what not, but I believe it's just white noise. What do you guys think?",2018-08-23 13:36:44
Is now the time to buy NFLX?,0,9cyzwh,https://www.reddit.com/r/stocks/comments/9cyzwh/is_now_the_time_to_buy_nflx/,4,1536118951.0,"As of today NFLX is a few dollars below its Trefis Price Estimate, they continue to release interesting original content, and have the greatest share of the streaming market. They are threatened by the upcoming Disney streaming service as well as Amazon partnering with big movie studios. Thoughts?",2018-09-05 11:42:31
"r/Stocks Daily Discussion Friday - Sep 21, 2018",5,9hombh,https://www.reddit.com/r/stocks/comments/9hombh/rstocks_daily_discussion_friday_sep_21_2018/,17,1537556920.0,"These daily discussions run from Monday to Friday and Friday's will stay up till Monday.

Some helpful links:

* [Finviz](https://finviz.com/quote.ashx?t=amd) for charts, fundamentals, and aggregated news
* StreetInsider news:
 * [Market Check](https://www.streetinsider.com/Market+Check) - Possibly why the market is doing what it's doing
 * [Corporate News](https://www.streetinsider.com/Corporate+News)
 * [Reuters aggregated](https://www.streetinsider.com/Reuters) - Global news
 * [Economic data](https://www.streetinsider.com/Economic+Data)
 * [FED](https://www.streetinsider.com/Fed) - Federal Reserve news

If you have a basic question, for example ""what is EPS,"" then google ""investopedia EPS"" and click the investopedia article on it; do this for everything until you have a more in depth question or just want to share what you learned.

Please discuss your portfolios in the [Rate My Portfolio sticky.](https://www.reddit.com/r/stocks/about/sticky) or see past portfolio discussions with [this link.](https://www.reddit.com/r/stocks/search?sort=new&q=Rate+My+Portfolio+-+r%2FStocks+Quarterly+Thread&t=all&restrict_sr=on)

See past [daily discussions here.](https://www.reddit.com/r/stocks/search?q=author%3Aautomoderator+%22r%2Fstocks+daily+discussion%22&restrict_sr=on&sort=new&t=all)  And use this link to see past stock [options discussions here.](https://www.reddit.com/r/stocks/search?q=author%3Aautomoderator+%22r%2Fstocks+options%22&restrict_sr=on&sort=new&t=all)
",2018-09-22 03:08:40
NFLX to $400?,94,9ixj1p,https://www.reddit.com/r/stocks/comments/9ixj1p/nflx_to_400/,102,1537949422.0,Seems to have consolidated. Short term play to $400?,2018-09-26 16:10:22
NFLX Earnings Predictions?,1,9onzp7,https://www.reddit.com/r/stocks/comments/9onzp7/nflx_earnings_predictions/,20,1539728025.0,Do you think Netflix will tank or go up after earnings is announced?,2018-10-17 06:13:45
What to make of NFLX today...,11,9p14b8,https://www.reddit.com/r/stocks/comments/9p14b8/what_to_make_of_nflx_today/,7,1539828608.0,Are we having a selloff (lower highs intraday) from investors selling on the strong earnings report? Is this now the time that smart investors would say buy in to the weakness?,2018-10-18 10:10:08
Why is NFLX dropping so much???,0,9rmuls,https://www.reddit.com/r/stocks/comments/9rmuls/why_is_nflx_dropping_so_much/,7,1540604137.0,"They had a great Q3 report. Is it this work culture report? The new debt? Or just part of the general downtrend? 

&#x200B;

I don't see how any of these are overshadowing the great quarter they had and will likely continue to have as they expand internationally.",2018-10-27 09:35:37
What does NFLX say about market.,2,9rxni1,https://www.reddit.com/r/stocks/comments/9rxni1/what_does_nflx_say_about_market/,10,1540702441.0,I dont follow Netflix but my impression was they blew out the numbers last week.  But the stock closed down hard to end the week. To me that is a very negative omen for the markets. But maybe the numbers weren't so good and it was company specific. Any thoughts. How did u rate thier q3 earnings. ,2018-10-28 12:54:01
NFLX went from $420 to $295,407,9x0lfg,https://www.reddit.com/r/stocks/comments/9x0lfg/nflx_went_from_420_to_295/,283,1542234802.0,"NFLX is has gone from $420 to $295. Increased competition from Disney's new streaming service Disney+. However, I don't believe Netflix is going away anytime soon. Is this a good buying opportunity? ",2018-11-15 06:33:22
Netflix: lets talk about that. Will netflix reach 400? And how do people even determine that a company is overvalued?,137,a1l21c,https://www.reddit.com/r/stocks/comments/a1l21c/netflix_lets_talk_about_that_will_netflix_reach/,92,1543552067.0,"* Netflix is increasing its subscribers and revenue. This will continue to add to the bottom line.

* When viewing what the company could be worth from future revenues, and considering the profit margin growth rate, the company is significantly overvalued.",2018-11-30 12:27:47
Would you hold your position if you were up around 115%,179,a7e0e0,https://www.reddit.com/r/stocks/comments/a7e0e0/would_you_hold_your_position_if_you_were_up/,167,1545188323.0,"I'm up on my NFLX, AAPL, and AMZN stocks anywhere from 100-200%. Would you cash out or hold? Thank you!!",2018-12-19 10:58:43
Started investing in October... what an education. Looking for advice.,66,a9m2tc,https://www.reddit.com/r/stocks/comments/a9m2tc/started_investing_in_october_what_an_education/,73,1545832755.0,"I've nearly made it to 40 (years old) without dabbling in the stock-market. Only minor investing done through work retirement accounts, bonds, and things of that nature. But with a few hundred thousand just sitting around doing nothing, I decided back in August to start trying to learn about investing in stocks to get my money working for me. Needless to say - what and education it has been.

&#x200B;

Invested a modest 10k (apprx) between Aug & October in a mixture of INTC, GOOGL, AMZN, SQ, VZ, AMD, NFLX, PEGI, NVDA. I was quite pleased with earning about 5% by October but boy, what a time to start investing. Down over 3k from about 10k (down to about 6.9k now.)

&#x200B;

As a new investor, losing over a quarter of my investment in a few months with no end in sight is a bit of a shock.

&#x200B;

I'm assuming the advice at this point is ""Hang on. Keep investing"", but just want to hear the opinion of the masses. At this rate it's probably going to take me well over a year or two to regain what I've already lost.

&#x200B;

My reasonable, amateur inclination is to give it a little more time until there's an upward trend and invest another 10k over a few months to expedite the recovery. But I see other people on subs here suggesting they've sold the bulk of their positions and are waiting out the bear. Maybe that's the right strategy given the current circumstances? Should I consider moving a big chunk of my funds to some well-performing ETFs? Just don't have a lot of knowledge about those. Does it seem foolish to just hang on at this point, having invested at the peak of the bull, when it seems universally agreed we've still got a long way to fall?

&#x200B;

What do you suggest?

&#x200B;

EDIT: Headline incorrect - started investing in \*\*AUGUST\*\*, not October. Apologies.",2018-12-26 21:59:15
Salvaging netflix stock?,0,acmte0,https://www.reddit.com/r/stocks/comments/acmte0/salvaging_netflix_stock/,27,1546665665.0,"I bought Netflix when it was $376 and held onto it for a few months. I don‚Äôt want to let any stock go without seeing profit and definitely don‚Äôt wanna lose $75-100. Should I keep holding or will it just go down? 

Personally I think Netflix is just gonna do worse unless something new comes out on it, but I admittedly don‚Äôt follow stocks or anything as much as I‚Äôd like to. I‚Äôm mostly a short term investor and this is one of very few shares I haven‚Äôt made at least a minuscule profit on.  ",2019-01-05 13:21:05
I‚Äôm expecting Netflix (NFLX) to take a pretty big hit at some point this year. What do you think?,23,acom6w,https://www.reddit.com/r/stocks/comments/acom6w/im_expecting_netflix_nflx_to_take_a_pretty_big/,74,1546676600.0,"Full disclaimer: I‚Äôm not a savvy investor, but...

Currently it has a P/E ratio over 100. Disney is planning on pulling content off to enter the industry as a competitor. 

A P/E ratio of that magnitude indicates that the market has a lot of faith that Netflix will continue to grow, right? I just don‚Äôt imagine Netflix will continue to grow at the same rate with another major additional competitor. 

What do you think? 

Edit: Took out a dollar sign that was incorrect.

Thanks for all of the different opinions, it was nice seeing many different POV‚Äôs! 



",2019-01-05 16:23:20
$NFLX and $AAPL,9,adbdnb,https://www.reddit.com/r/stocks/comments/adbdnb/nflx_and_aapl/,21,1546846574.0,"What is everyone‚Äôs thought on this? #PUTS ? 

Source:  https://www.forbes.com/sites/greatspeculations/2019/01/02/how-much-does-apple-stand-to-lose-as-netflix-stops-in-app-subscriptions/amp/",2019-01-07 15:36:14
NFLX Stock,3,afgny8,https://www.reddit.com/r/stocks/comments/afgny8/nflx_stock/,14,1547389220.0,"Hi there. To all those bullish on $NFLX, I would love to hear your reasons why you own this stock in your portfolio.

I bought some NFLX the other day, admittedly, purely out of emotional reasons and as a bit of fun. It completely goes against my investing philosophy of strong free cash flow companies with strong balance sheets. 

What is it about Netflix that makes investors pay 236x earnings? That makes it incredibly overvalued for a company that isn't turning a profit.

Please, help me make some sense of the madness!!!!",2019-01-13 22:20:20
NFLX Question,4,aflt1p,https://www.reddit.com/r/stocks/comments/aflt1p/nflx_question/,16,1547431012.0,"Hi all!

I am wondering if NFLX is in for a very rough 2019. 

I like to use Buffett's style of investing -- i.e., if you use something (and you use it frequently etc), it is probably a good choice. 

Within the FANG group, I am currently typing on a Mac, I use Gmail and Google religiously, and Facebook is now everywhere in my life as well for advertising purposes (and has kind of replaced Yahoo as my go-to homepage for garbage news, a surprising success re: their adoption of the new feed). I am also a Netflix user. HOWEVER. 

I have to say that over the past few months, Netflix has begun to lose its luster for me. As I was browsing today, there was no longer anything interesting that caught my eye. They definitely have original content I will watch in the future (the next season of The Crown...?) but even those quality options (House of Cards) are seemingly dwindling. Netflix is increasingly an enormous mass of unwatchable or uninteresting content. 

Does anyone else feel similarly? I could see this seriously impacting their bottom line as we head out another year or two and more and more users begin feeling that Hulu / Amazon Prime have better value. Something else I have been reading is that NFLX quality is declining because noone will license their films / TV to them anymore -- so naturally they are banking on original content, but when your company becomes almost entirely filled with unwatchable original content... that becomes an enormous money waster.

FB, GOOG, AAPL are all smart enough to have developed multiple revenue streams -- I see regular criticism of FB re: more people using IG, and I want to bash my head into a table. But NFLX has not invested in horizontal expansion, instead, they have poured all their $ into themselves, which IMO may turn out to be a very dangerous move, and means they have much less resiliency than FB/GOOG/AAPL. 

Opinions? I do not own stock in NFLX but am considering a short position at some point. ",2019-01-14 09:56:52
Why is NFLX exploding today?,57,agbu4i,https://www.reddit.com/r/stocks/comments/agbu4i/why_is_nflx_exploding_today/,90,1547607297.0,Also wondering what everyone‚Äôs thought is on cashing out now or waiting till after the earnings. ,2019-01-16 10:54:57
What happens to Roku if Netflix beats expectations?,3,agygv8,https://www.reddit.com/r/stocks/comments/agygv8/what_happens_to_roku_if_netflix_beats_expectations/,2,1547765349.0,"I'm interested in your opinions: how do you think Roku and Disney react if Netflix reports that they did well last quarter? Or conversely if Netflix tanks, how will other streaming company stocks react?

Does Netflix's rising tide lift all of the streaming boats? Or is it a signal that they're dominant and other streaming platforms will struggle to succeed with them around?

My personal opinion on Roku is that they just need to last for a few years. I think the streaming platform market is set to be very diluted in the next 3 years with new ones like Disney+ and every other network trying to make their own (and Apple?). Eventually some of them will pull the plug and settle in on a neutral streaming platform, like Roku. 

What are your opinions on the streaming game? Disney, Roku, Netflix, Amazon, (Apple?)? ",2019-01-18 06:49:09
"Netflix to stand, sell, or buy more prior to earnings?",1,agyvi2,https://www.reddit.com/r/stocks/comments/agyvi2/netflix_to_stand_sell_or_buy_more_prior_to/,10,1547767843.0,"I added shares to my portfolio this morning. I see that many predict earnings to fall short which is why Netflix is adding to subscription fees. 

Am I the only one that actually thinks they are raising rates from a position of strength? Subscribers jumped, they beat earnings and thus now is the time to capitalize?

I‚Äôd love to hear thoughts?",2019-01-18 07:30:43
What happened at 2:50 pm today?,48,ah2t7c,https://www.reddit.com/r/stocks/comments/ah2t7c/what_happened_at_250_pm_today/,33,1547789579.0,"There was a significant spike on a large number of stocks that I follow, AMD, INTC, AAPL, MSFT, NVDA, MU, GOOG, AMZN, FB, TSLA, PYPL, NFLX, etc.  Did something happen that I'm not aware of?",2019-01-18 13:32:59
Netflix 'Earnings Interview' - Is this the 'earnings call'?,2,ah3w5m,https://www.reddit.com/r/stocks/comments/ah3w5m/netflix_earnings_interview_is_this_the_earnings/,1,1547795758.0,"I don't currently own Netflix, but have in past briefly. I never tuned in to any of their earnings calls. I'm watching this '[earnings interview](https://www.youtube.com/watch?v=mYsKCfWV0fs&feature=youtu.be)' and it's just them sitting around talking to each other; no questions from analysts. I've never seen anything quite like this from a public company. Am I missing something? Do they not have a real analyst call each quarter? 

I always thought the point of an earnings call was to ensure fairness, so all players get access to info on the company at the same time.",2019-01-18 15:15:58
Netflix says it has 10% of all TV time in the US and discloses some colossal numbers for its shows,34,ahakbb,https://www.reddit.com/r/stocks/comments/ahakbb/netflix_says_it_has_10_of_all_tv_time_in_the_us/,38,1547847816.0,"KEY POINTS
-Netflix raised the veil on some of its viewership numbers for hits such as ‚ÄúBird Box‚Äù in its fourth-quarter 2018 earnings letter.
-The numbers still give limited visibility into the content‚Äôs performance since it is only broken down by member households that watched, rather than individual viewers.
-Netflix said the technology created for its first interactive movie will be used for future projects as well.

https://www.cnbc.com/2019/01/17/netflix-how-many-people-watch-bird-box.html",2019-01-19 05:43:36
Netflix and free cash flow,1,ahaqxe,https://www.reddit.com/r/stocks/comments/ahaqxe/netflix_and_free_cash_flow/,4,1547849100.0,"I‚Äôm having troubles understand free cash flow...
How does Netflix have a positive earnings but a ‚Äúnegative free cash flow‚Äù? Can someone ELI5 this for me please?",2019-01-19 06:05:00
Analysts Have Been Busy Reiterating Their Recommendation on Netflix Stock (Finviz),6,ahil4e,https://www.reddit.com/r/stocks/comments/ahil4e/analysts_have_been_busy_reiterating_their/,8,1547898957.0,"Jan-18-19	Reiterated	UBS	Buy	$410 ‚Üí $420
Jan-18-19	Reiterated	Stifel	Buy	$380 ‚Üí $400
Jan-18-19	Reiterated	RBC Capital Mkts	Outperform	$450 ‚Üí $480
Jan-18-19	Reiterated	Raymond James	Strong Buy	$450 ‚Üí $470
Jan-18-19	Reiterated	Pivotal Research Group	Buy	$480 ‚Üí $500
Jan-18-19	Reiterated	Nomura	Neutral	$300 ‚Üí $320
Jan-18-19	Reiterated	Morgan Stanley	Overweight	$430 ‚Üí $450
Jan-18-19	Reiterated	Monness Crespi & Hardt	Buy	$430 ‚Üí $440
Jan-18-19	Reiterated	JP Morgan	Overweight	$425 ‚Üí $435
Jan-18-19	Reiterated	Imperial Capital	Outperform	$459 ‚Üí $463
Jan-18-19	Reiterated	Citigroup	Buy	$400 ‚Üí $420
Jan-18-19	Reiterated	BofA/Merrill	Buy	$440 ‚Üí $450
Jan-18-19	Reiterated	Bernstein	Outperform	$421 ‚Üí $451
Jan-18-19	Reiterated	Aegis Capital	Hold	$325 ‚Üí $320",2019-01-19 19:55:57
